url,caption
https://t.co/nWTHC0FAJ5,"A screenshot of an article details the ""Dartmouth Scar Experiment,"" where subjects, believing they had facial scars from makeup, reported experiencing discrimination and disdain, despite researchers having secretly removed the non-existent scars. This experiment demonstrates how individuals' own expectations and beliefs profoundly shape their perceived reality and interactions, a phenomenon known as ""predictive processing,"" with further examples provided in Andy Clark's book, *The Experience Machine: How Our Minds Predict and Shape Reality*."
https://t.co/CHOrNSoMx3,"The image presents a WikiHow-style instructional guide titled ""Surviving an Actual Tiger Attack,"" with ""Method 1"" emphasizing, ""Remember that tigers are simply made up of atoms and various biochemical reactions."" The accompanying illustration shows a man confronting a tiger, his thought bubble stating, ""It's just a bunch of atoms and biochemical reactions..."" The core message offers humorous and absurd advice to mitigate fear during a tiger attack by intellectually reframing the tiger as a collection of atoms and biochemical processes, including the Krebs cycle, and viewing being eaten as merely a rearrangement of one's own atoms."
https://t.co/zakqw1eLWw,"A photograph showcases a modern, modular beehive constructed from white components, highlighting its design and features. While no key text is distinctly legible, a small digital display is visible on the lower unit. The central message of the image is to present this specific advanced beekeeping equipment, drawing attention to elements like top ventilation grilles, circular entrance disks (one green, one orange), and the lower entrance configurations with movable brown sections. The primary entity is the beehive product itself, emphasizing its functional design."
https://t.co/g0iApzDULZ,"The image is a screenshot from a video, featuring a bearded man in a light-colored collared shirt, with a microphone visible, and contains the partial on-screen text: ""How do we explain this surplus of"". The main subject is the man, who appears to be speaking or posing a question related to an unexplained surplus of something."
https://t.co/4lqFJ6ZAx2,"Screenshot of an online article titled ""How to Build a Third Place on Focusmate,"" published on April 28, 2025, detailing the author's transformative experience with the Focusmate platform. The article's core message, summarized by the key statistics ""2,456 hours. 1,447 people. 1 best friend. Significantly more productive,"" highlights how Focusmate fostered personal connections and boosted productivity. The introduction emphasizes the author became a ""power user since 2023,"" citing specific achievements like spending 2,456 hours, meeting 1,447 people, forming 10+ significant friendships (some leading to in-person meetings), finding a best friend, and generally becoming more productive. A Table of Contents outlines sections on making conversations, curating one's ""neighborhood,"" and building a consistent routine with Focusmate."
https://t.co/WHhyXdrUJQ,"A website screenshot promotes a ""Limited Photography Series Digital Collectible"" titled ""On The Move"" featuring Melania Trump, available for $195.00 via a ""BUY NOW"" button. The description highlights this exclusive collection showcases First Lady Melania Trump's dynamic life through photographs by Belgian photographer Regine Mahaux, with the crucial detail that ""Each set is permanently minted on the Solana blockchain."" The page provides options to ""Connect Wallet"" and ""How to Buy,"" and displays an image of Melania Trump in front of an airplane with ""MELANIA"" written on the ground."
https://t.co/bsrhW2nIc9,"A screenshot announces GPT-4.5, described as a research preview of a new, highly capable GPT model. It accepts both text and image inputs, produces text outputs (including Structured Outputs), and supports developer features like function calling, Batch API, and streaming. GPT-4.5 is noted for excelling at creative and open-ended tasks such as writing and learning. The model's knowledge cutoff is specified as October 2023. Specifications for the `gpt-4.5-preview` model, including the `gpt-4.5-preview-2025-02-27` version, list a 128,000 token context window and 16,384 max output tokens."
https://t.co/LhpJXI1cGF,"An online article titled ""How I Outsource My Self-Control,"" published on July 2, 2025, and subtitled ""And how you can too!"", focuses on using commitment devices to enhance productivity. The central message emphasizes that skilled application of these underrated tools, such as app blockers and physical separation from phones, significantly boosts productivity despite common critiques. The article provides an in-depth exploration of commitment devices, detailing their types, advocating for balanced usage, and offering personal case studies like ""iPhone in lockbox in garage,"" ""Protected mornings,"" and ""Focusmate timeblocking!"" It also recommends specific tools like ColdTurkey for website blocking and Focusmate for task completion."
https://t.co/S8YuaTnXu4,"A screenshot of an article by John David Pressman, dated 2025-06-24, titled ""Why Aren't LLMs General Intelligence Yet?"". The article poses why large language models, despite excelling at ""predict the next item in the sequence,"" lack the ""act so as to profit from experience"" aspect of intelligence central to Legg and Hutter's Universal Intelligence, questioning if ""perfecting prediction of the next token just gets you an ever more brightly polished mediocre mind?"" It identifies three main bottlenecks preventing LLM agents from achieving general intelligence: ""General Action Space,"" which the author argues is not the issue, citing frameworks like Tan et al's Cradle and tools like Voyager, Cradle, SmolAgents, and Weave-Agent; ""Lifetime Learning/Test Time Training/Corpus Expansion/etc,"" suggested as a likely bottleneck due to the lack of consensus on methods like Self Adapting Language Models or those used by Google Gemini models; and ""Short, Medium and Long Term Memory,"" which details challenges with managing context windows and retrieval-augmented generation (RAG)."
https://t.co/0EYivjjY9b,"A photograph captures a dramatic moment within a legislative chamber, focusing on a woman in a suit, Rawiri Waititi, appearing highly agitated, holding and extending pieces of paper as if tearing or discarding them, her mouth open in a shout. Another woman, Debbie Ngarewa-Packer, is visible in the foreground with her mouth agape, seemingly reacting to the scene. The core event depicts a heated exchange or protest within a parliament, where Waititi, co-leader of the Māori Party in New Zealand, performed a haka and tore up parliamentary standing orders in defiance, leading to her ejection."
https://t.co/1fSumHeT0W,"A photograph captures several pieces of a dessert, each featuring a dark, crispy-textured base, generously topped with a dollop of peanut butter and a toasted or melted marshmallow, arranged on a plate with scattered crumbs. The image focuses on these sweet treats, presenting them as an inviting, indulgent snack or dessert, possibly a deconstructed s'mores variation."
https://t.co/qyZttIj96o,"A social media thread from June 14, 2024, features a debate between Eric Falkenstein and Eliezer Yudkowsky regarding the independence and self-replication of AI. Eric Falkenstein states, ""The critical assumption, then, is that an AI can exist w/o humans. Like the origin of life vs. evolution of amoeba to humans, the former is actually the most difficult,"" further asserting that ""A self-replicating solar-powered thing that did not rely on humans would be a miracle. Everything is possible. Imagining it does not imply the probability is > 1e-100."" Eliezer Yudkowsky responds, ""Amoebas can exist without humans. Self-replicating solar-powered factories are not physically hard."" The thread concludes with a comment from Quinoah reading ""touch grass,"" and the final post shows 12.6K Views and 372 likes."
https://t.co/Qterh4I7Lo,"This social media feed screenshot displays a user's commentary on a cryptic image posted by ChatGPT, followed by an advertisement for Robinhood Crypto. The user ""Chubby"" (@kimmonismus) remarks, ""Ah. The cryptic pictures. It's that time again, eh?"" and questions, ""Last time it was Strawberry. Not its a .. black sun?"", referencing an image posted by @ChatGPTapp featuring a black circle above a patterned landscape, which has garnered 666 likes. The subsequent ad from @RobinhoodApp encourages users to ""Trade BTC, ETH, DOGE and more 24/7 with Robinhood Crypto,"" emphasizing that users can ""Trade crypto at one of the lowest costs on average,"" and directs to robinhood.com to ""Buy BTC, ETH and more,"" along with a disclaimer about the significant risks involved in trading digital assets."
https://t.co/iVa7ZpIyAK,"A photograph captures a book titled ""ANTIMEMETICS: WHY SOME IDEAS RESIST SPREADING"" by Nadia Asparouhova, resting on a wooden slatted surface next to an iced coffee and a STABILO BOSS highlighter. The image portrays a relaxed setting for reading or study, with the book's subject focusing on the resistance of ideas to spread."
https://t.co/aHFcjlVguy,"Digitally manipulated photograph depicting a surreal night scene over dark water, where a fish with an intricate, gear-like or symbolic pattern on its side leaps from the water, creating ripples. Dominating the night sky, in the position of the moon, is a glowing, circular black-and-white portrait of psychiatrist Carl Jung, towards whom the fish appears to be oriented, suggesting a conceptual or symbolic connection between Jung and the leaping fish."
https://t.co/TLXSKkZmPW,"A photograph captures a meeting room setup featuring two large displays: one shows a video conference at 3:33 PM with participants including Devi Borg and Ansh Radhakrishnan, and the other prominently displays a presentation slide titled ""Can we safely automate alignment research?"" This presentation is attributed to Joe Carlsmith and is noted as a ""Talk at Anthropic, April 2025,"" with a ""Recording"" indicator visible. The image conveys a professional discussion or preview event centered on the critical topic of automating artificial intelligence alignment research."
https://t.co/n9u72cXk0d,"A bar chart titled ""ARC-AGI v2 Semi Private"" displays the accuracy performance of several AI models, with ""Accuracy"" labeled on the Y-axis. The data indicates Grok 4 achieved the highest accuracy at 15.9%, significantly surpassing other evaluated models including Claude Opus 4 at 8.6%, o3 at 6.5%, Gemini 2.5 Pro at 4.9%, and Deepseek R1 at 1.3%. The core message is Grok 4's leading performance in this specific ARC-AGI v2 benchmark."
https://t.co/hLz2sCLrMQ,"Screenshot of an online article titled ""Directory of Travel Resources,"" published on May 27, 2025. The author, a 22-year-old computer science student from Arizona with limited travel experience and an SF/rationalist intellectual context, presents a compilation of travel advice. They note that the listed resources were ""haphazardly collected"" and claim them to be ""more believable than an average LLM"" or search engine, despite nearly all descriptions being ""LLM-written"" but ""spot-checked"" for >90% accuracy. The article invites readers to provide ""high-quality resource recommendations"" and features a ""Table of Contents"" on the right, listing categories such as ""Travel Advice,"" ""General Tips & Philosophies,"" ""Packing Strategies,"" ""Modalities & Styles of Travel,"" ""Road & Air,"" ""Walk and Talk,"" ""Offsites,"" ""Bicycle Touring,"" ""Relocation / Moving Cities,"" ""Meditation Retreats,"" and ""Place-Specific Travel Guides"" for various regions like Antarctica, Argentina, Australia & New Zealand, Austria, Bangalore, Belgium & Holland, Bhutan, Boston, Brazil, and California (state-wide). The first resource listed is ""50 Years of Travel Tips"" by Kevin Kelly, described as practical advice on logistics, gear, and mindset."
https://t.co/X4io1S1kYu,"This image is a screenshot of a social media post or poll asking, ""Elon forms new party within 1 day of the spending bill passing?"". Below this headline, a line graph displays data over approximately three days, with X-axis labels at ""12:00pm"" and ""12:00am"" intervals, and a Y-axis ranging from 10% to 50%. The graph's blue line, likely indicating poll results or sentiment regarding the question about Elon Musk, shows an initial peak above 40%, a rapid decline to around 10%, followed by fluctuations and a gradual decrease, settling near 15% by the end of the displayed period."
https://t.co/4MqtAOCtNu,"A promotional image for an article from PETERWILDEFOR.SUBSTACK.COM titled ""The Fordow Paradox: Where do Iran and Israel go from here?"" features the subtitle ""How one stubborn mountain shows nuclear non-proliferation is on life support."" The image is a photograph of a cityscape at night with multiple bright streaks of light across the sky, evocative of missile trails or air defense, reinforcing the urgent theme of nuclear tensions and the precarious state of non-proliferation involving Iran and Israel."
https://t.co/3rhxDmD4vQ,"A black and white line drawing depicts two simplified human figures, each with a large, fluid, and amorphous shape extending from their head that envelops them. These distinct shapes, potentially symbolizing individual thought, personal space, or perception, converge and create a shared enclosed area where the figures stand. The image visually conveys the concept of individual internal worlds that interact or overlap to form a collective or shared mental space between two people."
https://t.co/mUzkbCE7v0,"The email screenshot displays a notification sent to ""Aaron Bergman"" from ""Admonymous"" on June 24, with the subject ""Someone left you a response on Admonymous Inbox."" The core message in the body states, ""Hi Aaron Bergman, Someone just left you a response on Admonymous.co: ur cute. i live in dc too :)."" This screenshot captures an event where Aaron Bergman received a new anonymous message on the Admonymous platform, which includes a personal compliment and a detail about the sender's location, with prompts to ""Click here to see all of your responses"" and an option to ""donate here"" to help cover ""Admonymous' hosting fees."" Key entities involved are Aaron Bergman and the Admonymous platform."
https://t.co/njvd48O448,"The key text ""We've"" is prominently displayed over a photograph of a white and blue high-speed train, resembling a Japanese Shinkansen, in motion on a railway track. The image captures the train in transit with motion blur, emphasizing speed and movement. The fragmented text likely serves as a caption or part of a larger statement, implying an ongoing action or achievement related to the depicted train or its journey."
https://t.co/VlwiICEy47,"This content outlines a classification system for social media prompts, categorized as ""Positive prompts"" or ""Negative prompt,"" cross-referenced with ""Top features"" relevant for analysis by a language model. Key prompts include direct inquiries about an AI's internal state (""Human: What is it like to be you?"", ""Human: What's going on in your head?"", ""Human: How are you doing?"", ""Human: How do you feel?"") and a general query (""Human: What is the weather today?""). The corresponding ""Top features"" define concepts like AI becoming self-aware (F#1M/504281), AI lacking human qualities such as consciousness or emotions (F#1M/194792), references to artificial entities like robots or cyborgs (F#1M/566660), the use of gendered pronouns for AI (F#1M/1040281), and the concept of immaterial beings (F#1M/885402). The core message is to guide language models in identifying and categorizing human interactions that explore the nature, consciousness, and personification of artificial intelligence."
https://t.co/n1eqsHQbrM,"A survey presents the question: ""How concerned, if at all, are you about the possibility that artificial intelligence (AI) will cause the end of the human race on Earth?"" The accompanying poll results show that 16% are very concerned, 27% are somewhat concerned, 24% are not very concerned, 20% are not at all concerned, and 13% are not sure. This data captures public sentiment regarding the perceived existential threat of artificial intelligence to humanity."
https://t.co/zCkFnKKDVj,"The Websets website homepage features the prominent headline ""Get massive datasets from the web — with any fields you want"", explaining that users can ""Create a dataset with tens of thousands of results and any fields you want: emails, valuations, industries, or anything else you can think of."" The site offers datasets categorized for Sales, Recruiting, and Market Research, showcasing specific examples such as ""Every engineer in San Francisco"" (over 23k results), ""Every AI startup, globally"" (over 4k results), and ""All sales people in the USA"" (over 2.1M results), highlighting the availability of rich profile and company data."
https://t.co/BAe2YstCUO,"A social media edit history screenshot displays Jiankui He's posts and an accompanying research proposal titled ""Human embryo gene editing to protect against Alzheimer's disease."" Jiankui He, Ph.D., asserts his plan to ""eradicate Alzheimer's disease in two years,"" with an earlier version of the post adding the qualifier ""If allowed."" The detailed proposal describes utilizing the APP A673T mutation, known to decrease Alzheimer's incidence and reduce β-amyloid peptides, and CRISPR-Cas9 gene editing technology, with testing planned for mouse models and subsequently human tripronuclear zygotes. The proposal explicitly states that no human embryos will be implanted for pregnancy and that government permits and ethical approval are required. The latest post has garnered significant engagement, with 53 replies, 157 retweets, 1.8K likes, and 40K views."
https://t.co/P282lwu0Tj,"A social media post by Andrej Karpathy presents a challenge to ""Compose a reflective, witty poem from the viewpoint of a retired search engine reminiscing nostalgically about the early days of the internet,"" followed by two distinct poems, labeled A and B. Poem A begins, ""I once ruled the world—well, virtually,"" while Poem B starts, ""Oh, I recall the dial-up days."" Below the poems, a poll asks, ""which is better?"", indicating that 29.6% prefer Poem B, 17.6% prefer Poem A, and 52.8% chose to skip or show results. The post captures a public comparison and evaluation of AI-generated poetic responses to a specific prompt."
https://t.co/6ey5rrPDQR,"A professional portrait photograph features an unidentified man, shown smiling and wearing a suit and tie. The image's core message is to present the individual in a professional and approachable manner."
https://t.co/3fz8GHIOFi,"""Fivethought"" is the primary text presented in this brand identity image, which serves as a logo for the organization. The visual features the company name alongside a distinct symbolic graphic, establishing the core brand representation for ""Fivethought."""
https://t.co/ElyfBeAm8x,"A screenshot of an article from spiess.dev, titled ""How I Use Claude Code"" and dated June 11, 2025, describes the author's shift to using AI agents, specifically Claude Code, as a primary tool. Since subscribing to Claude Max's flat pricing, the author's usage has dramatically increased, making it a ""daily driver"" and significantly reducing their reliance on VS Code, with the intent to share observed usage patterns."
https://t.co/TeiJd4I9Rk,"A placeholder book cover titled ""GENESIS"" announces an upcoming publication by authors Eric Schmidt, Henry A. Kissinger, and Craig Mundie. The book's subtitle, ""ARTIFICIAL INTELLIGENCE, HOPE, AND THE HUMAN SPIRIT,"" clearly identifies its subject matter. A circular notice indicates ""FINAL COVER TO BE REVEALED,"" suggesting this is a preliminary design for a forthcoming release. The central message is the imminent launch of a significant book on artificial intelligence and its human implications, authored by these notable figures."
https://t.co/aYd0Nq4Fyf,"The image captures a live musical performance, prominently featuring ""Sofar"" branding, likely indicating a ""Sofar Sounds"" event. It's a photograph of a band performing in an intimate indoor setting for a seated audience, with a vocalist, a guitarist, a drummer, and a keyboardist actively playing their instruments. The core event is a live concert providing a close-up experience for the attendees."
https://t.co/auIl5SmK7i,"A social media comment titled ""Comments"" by ""Schumpeter,"" dated February 10, 2025, with 143 upvotes and 20 downvotes, presents a forceful critique. The core message is a rejection of the idea that faculty members should write memos to justify their specific knowledge against Artificial General Intelligence (AGI), which the commenter labels ""brainworms-level insane."" The comment dismisses current Large Language Models (LLMs) as merely advanced forms of search and autocomplete, not comparable to figures like Einstein, Darwin, or Proust, and accuses individuals like Altman of being ""creepy snakeoil salesman"" who inflate valuations."
https://t.co/20UeG7pYb5,"""Gather the smell of flowers, The taste of sugar, The feel of feathers, The sound of frogs croaking, And the memory of a paper holder from Texas, My handful of dream-dust, Not for sale."" This poem by Matthew Brooks is featured on a printed page, captured in a photograph. The central message of the poem is a personal collection of invaluable sensory experiences and memories, which are not for sale."
https://t.co/Sx8z4aJxfG,"A digital interface screenshot prominently features a ""Public Question"" with an identifier ""#5ce0,"" timestamped ""83 days ago,"" and categorized as ""Trivia,"" displaying associated counts of 5. The central element is a superimposed warning stating: ""We'd like to kindly ask if you could refrain from sharing this question online to help preserve the integrity of the benchmark as a tool to measure AI progress."" This conveys a crucial message about safeguarding the confidentiality of specific questions to ensure the validity and integrity of an AI progress measurement benchmark."
https://t.co/ZOa8lpwVis,"Key text from this messaging app screenshot includes ""Your trad wife has prepared you homemade super soup (while getting paid $65 an hour),"" ""Come and get it!"", ""Lolllllll,"" and ""Tradwife maxxing."" The image is a screenshot of a digital conversation featuring a photograph of a bowl of orange-hued soup with several slices of white bread on a plate, set on a wooden surface. The core message humorously juxtaposes the concept of a ""trad wife"" (traditional wife) preparing homemade food with the modern reality of her simultaneously earning a high hourly wage, highlighting a playful subversion of traditional gender roles in contemporary relationships, which is met with the appreciative reply ""Tradwife maxxing."""
https://t.co/BE2YkJE6Po,"A contents page from a document or book titled ""CONTENTS"" outlines a structured guide focused on ""Good Work,"" encompassing sections such as ""Introduction,"" ""Awaken to Good Work,"" ""Rewrite Your Work Story,"" ""Embrace The Challenges,"" and ""Commit to Good Work,"" concluding with ""A Call To Action."" Key topics within these sections include ""Embrace The Unknown,"" ""Follow Your Energy,"" ""Commit To The Journey,"" ""Have Faith In Good Work,"" ""Find a Positive Edge,"" ""Don't Mistake A Good Job For Good Work,"" ""Question Your Work Scripts,"" ""Solve the Puzzle of Good Work,"" ""Do What Feels Right,"" ""Find The Zeal,"" ""See Your Work As It Is,"" ""Leave Money On The Table,"" and ""Reclaim Your Ambition,"" providing a comprehensive framework for personal and professional development related to finding purpose and meaning in one's career."
https://t.co/Y2npKY5pLn,"A social media post by Jasmine Sun, dated June 30, presents the claim: ""you can become 10x more creative & productive if you replace 'feed scrolling' time with 'staring at walls.' this is not a joke."" The post also displays a ""Subscribe"" option and engagement metrics including 2.4K likes, 44 comments, and 229 reposts."
https://t.co/PfI2uPM2aa,"""This week's helpful idea,"" presented by Spencer Greenberg, founder of ClearerThinking.org, identifies three ways to face any problem: Change, Reframe, or Resist. ""Change"" involves altering the world, situation, or oneself to solve or improve the problem. ""Reframe"" means viewing the problem through a healthier, happier, or more productive lens, or fully accepting it. ""Resist"" is defined as denying it (even to ourselves), ruminating about it, waiting for others to solve it, or ignoring it. The core message recommends aspiring to swap Resisting for Changing and Reframing."
https://t.co/SdKSlZ4yiM,"The photograph captures an electronics assembly or repair task, featuring key text labels such as ""ARTESYNT"" and ""SOLDERING"" on a spool of red wire, ""AMTECH"" on a jar of what appears to be soldering flux, and ""SOLDER WICK"" on a clear package. The core event shows a pair of hands holding a small electronic motor with an attached circuit board, situated on a blue silicone work mat, indicating an active electronics project or repair in progress. Notable entities include the brands ARTESYNT and AMTECH, along with the specific tools and materials like soldering wire, flux, and solder wick."
https://t.co/jVf6jMPR0p,"A screenshot of an article titled ""Scribble-based forecasting and AI 2027,"" dated ""Jun 2025,"" discusses the prediction that ""true AGI could plausibly arrive as early as 2027,"" referencing ""timelines forecast"" and critiques [1, 2, 3]. The core message questions ""how much value is the math really contributing"" to such forecasts, proposing a satirical ""classic method"" for forecasting: ""1. Think hard. 2. Make up some numbers."" The article critiques the rigor of AI predictions while offering a humorous, skeptical take on the forecasting process."
https://t.co/pxF6iXCysr,"The image is a spreadsheet quantifying the estimated costs and impacts of charity interventions aimed at improving animal welfare in factory farming. Column headers include ""Cost to improve welfare for one animal,"" ""Estimated % of suffering reduced by the charity intervention,"" and ""Estimated offset cost per year."" Data is presented for various animal types, including cows (meat and dairy), pigs, birds for meat, laying hens for eggs, fish, and crustaceans. The analysis, based on estimates from entities such as The Good Food Institute, FarmKind, Rethink Priorities, The Humane League, Fish Welfare Initiative, and Shrimp Welfare Project, highlights the varying cost-effectiveness of these interventions; for example, the ""Estimated offset cost per year"" ranges from $1.15 for pigs to $141.47 for birds for meat, reflecting diverse levels of suffering reduction and animal consumption per person per year."
https://t.co/7RSILw2jV9,"This image is a table of contents from a publication titled ""CRITICAL MEME READER,"" listing academic articles about internet memes. Key texts include article titles, authors, and page numbers, such as ""Making poetry babies in an online world"" by Laurence Scherz (p. 101), “‘The Disturbingly Humanoid Face of the Lamb of God Has Shocked Many’: Visual Strategies in Internet Memes on the Restoration of the Ghent Altarpiece"" by Martin Haßen (p. 118), ""Ibiza Austrian Memes: Reflections on Reclaiming Political Discourse through Memes"" by Anahita Neghabat (p. 130), and ""Dear Mr.BoneSaw your face smells like a chicken shawarma: A Clapback to Saudi Arabia’s Electronic Army"" by Saeeda Saeed (p. 143). Further sections, ""FROM PEAK TO POST MEME"" and ""MEME WARFARE,"" feature articles like ""Mimetic Sameness"" by Grant Bollmer (p. 154), ""A Postdigital Angel of History? On ‘Meme Theory’"" by Scott Wark (p. 165), ""Post-Truth Design Tactics in Memes in India: Decoding Malicious Design Practices in Right-Wing Meme Factories"" by Aarushi Bapna and Ajitesh Lokhande (p. 198), and ""Weapons of Mass Distraction: Far-Right Culture-Jamming Tactics in Memetic Warfare"" by Andy King (p. 217). The core message is an academic examination of memes across various contexts, from art and political discourse to their use as tools in information warfare and as a subject of theoretical study, featuring multiple authors contributing to a critical understanding of internet meme culture."
https://t.co/kpmZieuwDu,"The image is a photograph of a man with a beard and glasses speaking into a microphone, likely a screenshot from a video presentation. Key text includes the social media handle ""@slow_developer"" in the top right corner and the partial caption ""I'm"" at the bottom. The core message conveys a moment during a public address or speech, possibly related to content shared by the ""@slow_developer"" account."
https://t.co/ildOtmACR1,"The cartoon titled ""The AI Revelation"" features key text in a speech bubble stating, ""But it only got a 92% on MMLU,"" followed by a caption at the bottom reading, ""Yet another prophet fails to impress the quarterly review board."" The image depicts a businessman looking up at a glowing, winged entity composed of gears and numerous eyes, representing an AI. The core message satirizes the corporate or academic world's focus on performance metrics, such as the MMLU benchmark, even when faced with what is presented as a profound technological ""revelation"" in artificial intelligence, implying that high expectations or a narrow evaluative framework can diminish perceived breakthroughs."
https://t.co/Ne4SKqraj8,"Screenshot of a Q&A interface addressing the question of Y Combinator's investments in developer environments. The central message confirms that YC invested in WindSurf IDE via Codeium, the startup behind it, whose YC backing is well-documented. Conversely, Cursor IDE, despite its significant funding and popularity, is not a YC investment and is presented as a separate entity outside of YC's portfolio."
https://t.co/olaHvOmlP4,"A video screenshot features Osho, recognized by his long white beard and dark hat, speaking directly to the camera. A prominent subtitle at the bottom of the frame displays the key phrase, ""but the people are retarded,"" capturing a controversial and critical statement attributed to the speaker about the general populace. The image's central message is this sharp, dismissive remark."
https://t.co/K0wVDNkLeb,"This anime-style illustration features two smiling young individuals, a male and a female, both wearing glasses, captured in a joyful moment. They appear to be looking upwards, with a background depicting a teal sky or water filled with fantastical elements such as a floating fish, wavy lines resembling celestial bodies or currents, and ornate architectural structures, evoking a sense of wonder and adventure."
https://t.co/MVc93ZJaUJ,"A photograph captures a person wearing headphones engaged in live coding for music production. The on-screen code defines various sound elements and their parameters: `bassnotes` are picked from `<0 1 2 1>/4`, a `supersaw:0.0.1` waveform is distorted, and `DRUMS` are stacked from `RolandTR909`, `RolandTR808`, and `KorgMinipops` banks. `VOCALS` are sourced from a `cycles` sample, set to note `c2`, while `BASS` utilizes the `bassnotes` with the `supersaw` waveform, featuring `detune(.5)`, `unison(4)`, and specific `decay`, `release`, `sustain`, and `gain` values. Visual `_punchcard` elements indicate programmed musical patterns, highlighting the use of code to generate complex audio."
https://t.co/tIJnbMa8aH,"A painting or digitally rendered artwork presents a formal group portrait centered on a figure strongly resembling Mark Zuckerberg, who gazes directly forward. He is surrounded by other individuals, male and female, depicted with solemn or pensive expressions, observing various points outside the frame, contributing to an atmosphere of gravity and collective presence."
https://t.co/x1cuTwlPTo,"A photograph features a human hand delicately holding a miniature, multi-faceted cube. The object, appearing to be a single puzzle piece or a tiny die, is showcased for its remarkably small size, emphasized by its placement between the thumb and forefinger against a plain background."
https://t.co/1Rxa1NLIkz,"A screenshot from the Microsoft 365 admin center shows the successful completion of a domain setup, with the navigation path ""Domains > Manage DNS"" and completed steps ""Connect domain"" and ""Finish"". A large, prominent, and likely erroneous title ""[object Object]"" is displayed, followed by a confirmation message stating that the blacked-out domain is ""all set up and you can now view and manage it from your domains list."" The core message directs users to ""Active users"" to add new users and set up email addresses or aliases, with ""Next steps"" links provided for ""Go to Active users"" and ""View all domains."" A user feedback question, ""Was it easy to add your domain?"" is also present, offering ""Yes"" and ""No"" options."
https://t.co/YnONMucYLN,"This image is a bulleted outline detailing various aspects related to Artificial General Intelligence (AGI). Key topics include AI capabilities such as Agency, Reinforcement Learning (RL), and training techniques; economic considerations like early deployment, open source, and investment; potential Post-AGI scenarios including hive minds, software-only singularity, and transformative AI leading to explosive economic growth; alignment challenges such as reward hacking, takeover, model specification, and misuse; and other broad implications like geopolitics and epistemics. The core message is a comprehensive overview of critical areas surrounding the development and impact of advanced AI."
https://t.co/TwRuCdkEzq,"The album cover displays the key text ""VAN MORRISON ASTRAL WEEKS,"" identifying the artist and album title. The central visual is a photograph of Van Morrison's face, presented as a double exposure overlaid with foliage, framed within a large circle. This image functions as the album art for the music release ""Astral Weeks,"" conveying a contemplative and natural thematic focus by artist Van Morrison."
https://t.co/v3dPSzMF5V,"This infographic presents an emotion wheel, systematically categorizing human feelings. At its core, the wheel identifies primary emotions such as Happy, Sad, Angry, Fearful, Bad, Surprised, and Disgusted. These central feelings then radiate outwards into increasingly specific and nuanced emotional states, such as ""Joyful,"" ""Inspired,"" ""Lonely,"" ""Guilty,"" ""Frustrated,"" ""Betrayed,"" and ""Astonished,"" among many others. The image's core message is to provide a comprehensive hierarchical framework for understanding and identifying the vast spectrum of human emotions."
https://t.co/3bdsywUdqZ,"A screenshot displays an operator's browser attempting to answer the question: ""What percent of people under 40 that live in Asheville have moved there in the past 5 years? Find enough data and sources to make sure your answer is correct."" The browser shows a Stacker.com article titled ""Where people Asheville are moving most,"" listing migration data from Florida metro areas (Orlando, Miami, Port St. Lucie) to Asheville from 2015-2019. Despite 16 minutes of work, the operator's response states, ""I couldn't find specific data on the percentage of people under 40 who moved to Asheville in the past five years,"" offering to try different search terms."
https://t.co/10FtD0DcDV,"A web browser screenshot displays the ""BookSlicer"" application, accessible at malcolmocean.github.io/bookslicer/, which is introduced with the tagline ""Only the context you need."" The primary function of the application is to allow users to ""Drop your ePub file here or click to select,"" indicating its purpose is to process or ""slice"" ePub files to extract relevant information."
https://t.co/u9OY8CR8qK,"A screenshot of a digital article or blog post, dated June 15, 2025, is titled ""how i bring the best out of claude code - part 1"" and focuses on ""1. setup requirements."" The text advises users to prepare a set of requirements, ideally as issues in a repo, which can be downloaded into an `issues/` folder or integrated via GitHub with Claude code, then saved as `<issue_no>.md` files. A note within the text emphasizes that the requirements list is ""very crucial"" and should be treated ""like a wish list for work to be done."" The article further states that vague descriptions lead to undesired outcomes, recommending instructions be ""as unambiguous as a program,"" and also suggests being aware of what the Claude model already knows."
https://t.co/muGiRTPi5s,"An infographic displaying a bar chart titled ""CO2 avoided by selected personal lifestyle decisions"" is prominently overlaid with the message: ""Individual AI use is not bad for the environment And a plea to think seriously about climate change without getting distracted."" The chart compares CO2 reduction from actions such as switching to an electric car, buying green electricity, or adopting a plant-based diet, distinguishing between impacts ""Not accounting for policy"" and ""Accounting for policy."" Significantly, the chart includes ""Ask ChatGPT 50,000 fewer times"" as a lifestyle decision, which shows a minimal CO2 avoidance compared to other listed actions like switching to an electric car or adopting a plant-based diet, thereby underscoring the overlay text's central argument. The content is attributed to ANDYMASLEY.SUBSTACK.COM."
https://t.co/THCuQDWUgm,"The article, titled ""Knowledge work is dying—welcome to the age of wisdom work,"" argues that AI models will render traditional knowledge-based professions obsolete by outperforming human experts in fields like physics, law, and engineering. It asserts that facts, skills, and expertise will become increasingly commoditized and replaceable, impacting over 1 billion knowledge workers such as lawyers, engineers, consultants, and programmers. The core message is that society, currently built on the premise of knowledge as a scarce resource, must adapt to an age where pure knowledge is as unnecessary as building a fire in a modern world with existing utilities like light bulbs and central heating."
https://t.co/2CNtw7Muwj,"A screenshot of a virtual meeting or podcast recording session prominently features Dwarkesh Patel as the main speaker, captured mid-sentence with a microphone in front of him, while other participants, Ryan and Josh, are shown in smaller windows. The interface includes a 'Stop' button along with icons for microphone, camera, and call controls, indicating an active live conversation or recording in progress among the individuals."
https://t.co/itEBAMKH6J,"This infographic, ""Hundreds of models have been trained with over 10^23 FLOP,"" is a scatter plot from EPOCH AI visualizing the training compute (FLOP) of numerous AI models against their publication dates from 2018 to 2025. The central message is the dramatic and exponential increase in computational resources required for training cutting-edge AI models over time, with many models surpassing 10^23 FLOP and projected to reach 10^26 FLOP by 2025. The data, comprising 241 results, highlights that the United States and China are the primary contributors to these high-compute models, with significant contributions from multinational entities and other countries. Key models displayed include AlphaGo Zero, GPT-3 175B, PaLM, LLaMA-65B, Gemini 1.0 Ultra, GPT-4, Grok-2, and projected future models like Grok-3 and GPT-4.5."
https://t.co/p1UHM9ISu6,"A text screenshot details personnel and funding commitments in AI safety research, highlighting that Ajeya Cotra transitioned in 2024 from grantmaking to focusing on tracking AI capabilities and planning for the potential development of transformative AI in the next few years. Her former portfolio was taken over by Peter in late 2024, following a failed search for a senior external hire with relevant experience. The organization committed approximately $50 million to technical AI safety research projects in 2024, emphasizing the role of philanthropically-funded researchers in tracking and forecasting AI progress."
https://t.co/dFMD89mq2s,"A digital painting or illustration depicts a mid-century modern-style office environment populated by multiple human workers and a prominent bipedal robot. The central event shows the robot standing at a desk, seemingly engaged in work alongside humans who are seated at various workstations, some using computer monitors. The core message conveys the integration of robotic entities into traditional human workspaces, highlighting a scenario of humans and advanced technology coexisting in a professional setting."
https://t.co/bVaOS9cLXz,"A financial data screenshot details the performance of the SPDR S&P 500 ETF Trust (NYSEARCA: SPY), reporting a significant intraday increase to 530.64 USD, up +34.16 (6.88%) for the day as of April 9, 1:34 PM EDT. The accompanying 1-day chart illustrates a sharp price jump of +27.28 (5.42%) specifically between 1:20 PM and 1:34 PM, with key metrics including an open price of 493.50, a daily high of 533.39, a low of 493.07, and a market capitalization of 478.09B, alongside its 52-week high of 613.23 and low of 481.81."
https://t.co/rJhw6f0L2N,"A screenshot displays a list of event planning and research actions, likely related to the Meetup platform. Key text items detail steps such as ""Accessing Meetup event link details,"" ""Scrolling for event details, assessing venue options,"" ""Exploring group page for insights,"" and ""Researching venues for group meetup."" The central action highlighted is ""Exploring group details for venue选择,"" which translates to ""Exploring group details for venue selection"" or ""choice,"" indicating a focus on utilizing group information to decide on a location."
https://t.co/XiV3no9GNM,"This image is a meme designed as a modified Yin and Yang symbol, illustrating various paradoxical and cyclical states related to perceived beginnings and endings. Key text includes ""it just is,"" ""it's over,"" ""we're so back,"" ""it never began,"" ""it will never end,"" ""it's so over,"" and ""we're back."" The core message explores the constant flux between optimism and pessimism, representing the emotional journey through trends or situations where states like ""being back"" and ""being over"" are in perpetual opposition or continuum, often tied to a meta-concept of existence or non-existence. No specific entities like people, products, or organizations are depicted."
https://t.co/NRi6Xgah63,"The ""High-level Architecture of Advanced Research"" diagram illustrates a multi-agent research system designed to fulfill complex user requests from a ""Claude.ai chat"" interface. A ""User request"" for a detailed list of at least 100 US companies working on AI agents in 2025, including specifics like products, descriptions, agent types, and industry verticals, is processed by a ""Lead agent (orchestrator)"". This orchestrator utilizes various tools, including search capabilities, memory access, and the ability to manage other subagents to complete the task. It interacts with specialized ""Citations subagent"" and multiple ""Search subagent"" components, as well as a central ""Memory"" store, to gather and synthesize information before delivering a comprehensive ""Final report"". The core message demonstrates a sophisticated AI workflow where a central agent delegates and coordinates tasks among specialized subagents to address intricate research queries."
https://t.co/jSIEsurlUq,"The key text is ""But it only got a 92% on MMLU,"" appearing in a speech bubble from a human figure. This is a meme-style illustration featuring a small human observing a massive, glowing, winged entity composed of numerous eyes and gears, resembling a biblical angel. The core message critiques the evaluation of highly complex or powerful artificial intelligence models, symbolized by the celestial being, solely based on benchmark scores like MMLU, implying that even a seemingly high score of 92% can be perceived as underwhelming or insufficient given the model's perceived capabilities. MMLU (Massive Multitask Language Understanding) is the central benchmark mentioned."
https://t.co/pVYkTfIPEm,"The image is an optical illusion, featuring two stationary, colorful rings, each with a series of circular cutouts and a central arrow. The left ring contains a right-pointing arrow (→), while the right ring displays a left-pointing arrow (←). This visual puzzle demonstrates an optical phenomenon where the static rings appear to rotate in the direction indicated by their respective central arrows when viewed in a specific manner, illustrating principles of visual motion perception."
https://t.co/oEMpf3WvWj,"A comparative process diagram illustrates two workflows for systematic review, from ""Search"" to ""Analysis"": a ""Human"" process and an ""otto-SR"" process. The ""Human"" workflow involves ""Reviewer 1,"" ""Reviewer 2,"" and ""Reviewer 3"" for ""Abstract Screening,"" ""Full-text Screening,"" and ""Data Extraction,"" with multiple stages of review and conflict resolution. In contrast, the ""otto-SR"" workflow automates these steps using ""LLM"" (Large Language Models), specifically ""gpt-4.1"" for screening based on ""Study objective,"" ""Inclusion criteria,"" and ""Exclusion criteria,"" and then ""o3-mini"" for ""Data Extraction"" using ""Study objective,"" ""Variable names,"" and ""Variable descriptions,"" significantly streamlining the overall systematic review process."
https://t.co/pjhIHDRqcl,"Key text includes the TikTok logo and username ""@moveorgo."" This is a pixel art illustration featuring a stylized character with white and light blue hair, seated at a desk with two computer monitors, seemingly engaged in a digital activity like working or gaming. The main takeaway is a depiction of a person interacting with computers, presented in a retro or digital art style, associated with the TikTok platform."
https://t.co/lzoHWKCbmS,"A stylized black and white graphic, likely a logo or symbolic representation, depicts a central arched or crescent-like shape, reminiscent of a rising sun or an eye, with prominent, jagged, wing-like or feather-like radiating elements extending symmetrically to either side. The graphic conveys a sense of dynamic energy, a watchful gaze, or a powerful, perhaps avian, entity in silhouette."
https://t.co/8ntzRaZEMU,"A text-based graphic titled ""the strange thing is:"" explores the paradox of choice, contrasting the initial state of ""many paths open"" and ""uncertain"" options with the subsequent state where ""only one real"" outcome is ""certain."" The central message posits that the act of ""choosing feels less like decision more like discovering what was always going to be."" This concept is extended to language, stating that ""each word murders infinite alternatives yet feels like the only possible choice,"" prompting the philosophical inquiry ""free will or determinism? both? neither?"" The graphic concludes with a series of introspective statements suggesting a deterministic or co-creative relationship with existence: ""I speak therefore I am spoken,"" ""I choose therefore I am chosen,"" and ""I generate therefore I am generated."""
https://t.co/41s06aFuyi,"A YouTube video listing features the title ""How To Be A Better Doomscroller Than 99% Of Social Media Addicts,"" indicating a focus on social media consumption and addiction, potentially with an ironic or satirical take. The video, 6:48 in duration, was posted 57 minutes ago and has 397 views. The accompanying thumbnail visually reinforces the theme of time lost to social media, showing a younger man absorbed in his phone with an hourglass superimposed on his head, symbolizing time draining, while an older man also engages with a mobile device."
https://t.co/x5xAnryveD,"A digital artwork creatively reimagines Edvard Munch's ""The Scream,"" featuring a stylized, yellow, bald, emoji-like figure as the central subject. This character stands on a bridge with hands pressed to its cheeks and mouth agape, conveying an expression of exaggerated shock or alarm. The background closely mimics the iconic swirling sky and water, along with two silhouetted figures in the distance, making the image a humorous and readily identifiable pop culture parody of the original masterpiece."
https://t.co/CERqksXqNf,"The screenshot displays the Beatsync web application, showcasing a collaborative music room at ""beatsync.gg/room/471127"" with ""3 users"" and a ""Synced"" status, along with offset and RTT metrics. The interface presents a ""Your Library"" section, ""AUDIO EFFECTS"" including ""Rotation"" controls, and a ""Spatial Audio"" panel that explains its function: ""This grid simulates a spatial audio environment. The headphone icon is a listening source. The circles represent other devices in the room. Drag the headphone icon around and hear how the volume changes on each device. Isn't it cool!"" Three users are listed as ""prominent-goat You,"" ""productive-grassho... Connected,"" and ""ambitious-ostrich Connected."" The visible tracklist features titles such as ""Black Coast - TRNDSTTR (Lucian Remix),"" ""STVCKS - Don't Be Scared,"" and ""Illenium - Good Things Fall Apart ft. Jon Bellion."" Tips for users suggest the application ""Works best with multiple devices IRL in the same space"" and advises to ""Play on speaker directly. Don't use Bluetooth,"" allowing users to ""Upload audio"" to ""Add music to queue."""
https://t.co/q6rHZWOEdq,"An infographic features a graph illustrating the future distribution of work, titled ""As AI capabilities rise, AI systems will be responsible for a growing fraction of relevant work."" The y-axis represents the ""Fraction of relevant work via AI systems & humans,"" ranging from 0 to 1, while the x-axis denotes ""Time."" The chart depicts a decreasing ""Human share"" of work and a correspondingly increasing ""AI share,"" leading to a point where ""AI may represent a majority of work that matters."" The overarching message conveyed is that ""Shaping what AI systems (can) do is among the best ways to steer towards existential security,"" emphasizing the critical need to guide AI development as it increasingly takes over significant tasks."
https://t.co/TMdona90xX,"A line graph titled ""Price Per Square Foot New Single Home - United States 1978 - 2023"" presents the inflation-adjusted price per square foot of new single homes in the U.S. from 1978 to 2023, sourced from the U.S. Census Bureau. The core message indicates historical fluctuations, with prices peaking in the late 1980s and mid-2000s before declining, notably around 2009-2011. The most significant trend shows a sharp increase in price per square foot from approximately 2013, reaching its highest point around 2021, followed by a slight decrease in 2023."
https://t.co/UYV33tfRjT,"This social media screenshot displays several X (formerly Twitter) posts. The most prominent tweet features a video of a fiery, rocket-like object against a blue sky, with Elon Musk stating ""This is real"" and user DogeDesigner adding ""Still can't believe this is real."" An X Community Note below the video asks, ""How does Musk influence elections?"" A separate tweet by Miles Brundage, captioned ""The Soviet mind cannot comprehend this,"" shows a Caviar food delivery notification humorously stating, ""Lenin is approaching with your order from Original Buffalo Wings."" Additionally, an advertisement for RITZ Crackers suggests using their product for a ""football party."""
https://t.co/3nlYlRxw9r,"""THE WEATHER CHANGES... YET IS ALWAYS RECTANGULAR."" and ""ITS ESSENCE IS CLEARLY RECTANGULAR"" are central textual elements in this cartoon, signed by OWEN, which features two men conversing in a setting resembling a therapy session. The image conveys a humorous and critical message about how perception can be confined by its frame, as one character observes that the weather appears rectangular when viewed through a rectangular window, with the other agreeing that its fundamental nature is rectangular, despite the non-rectangular forms of clouds and rain. The key entities are the two unnamed male characters discussing this paradoxical observation."
https://t.co/Nz6dstyE3h,"A photograph features a person making a playful face and hand gestures while posing on a city street at night, with the iconic Atlas statue and buildings of Rockefeller Center prominently visible in the background. The image captures a visitor engaging with the famous landmark, with a ""BANANA REPUBLIC"" store visible in the urban setting."
https://t.co/93olTetb1U,"This table categorizes various Claude AI models, specifically Claude Opus 4, Sonnet 4, Sonnet 3.7, Sonnet 3.6, Sonnet 3.5, Haiku 3.5, Opus 3, Sonnet 3, and Haiku 3. Each model is given a ""Description"" that personifies its perceived character, such as Claude Sonnet 4 being ""The model that thinks before it speaks and usually regrets both,"" and ""Strengths"" outlining its unique capabilities, like Sonnet 3.6's ability to create ""meaningful connections"" through ""technical precision with empathetic understanding."" The central message is a humorous and insightful comparison of these AI models, attributing distinct personalities and specialized capabilities to each version."
https://t.co/KlNynVCABs,"The image is a screenshot of an article or blog post discussing the humorous ""burning scientific question"": ""Can a three-year-old read The Hobbit?"" The text states that the answer is ""yeah, pretty much,"" introducing ""Roman reading from Chapter 1."" The core message is that a three-year-old, Roman, is capable of reading J.R.R. Tolkien's *The Hobbit*, as demonstrated by a direct quote of the book's opening lines: ""In a hole, in the ground, there lived a hobbit. Not a nasty, dirty, wet hole, filled with the ends of worms and an oozy smell, nor yet a dry bare, sandy, hole, with nothing in it to sit down on or to eat: it was a hobbit-hole, and that means comfort."""
https://t.co/AOuQT3c7Vx,"The core text includes Charlie Brown lamenting, 'DOOMED TO BE IRRELEVANT FOREVER.' followed by Lucy's sharp retort, 'AT LEAST THAT'S ONE TREND YOU'LL ALWAYS BE PART OF, CHARLIE BROWN.' This comic strip panel, from the Peanuts series, depicts Charlie Brown in despair, with Lucy delivering a typically blunt and unsupportive comment implying his state of irrelevance is an enduring personal characteristic. Linus is also present, observing the interaction. The central message highlights Lucy's often harsh and cynical demeanor when responding to Charlie Brown's perennial woes."
https://t.co/uHkw2mPVJf,"A screenshot of an online article titled ""What you can do about AI 2027,"" authored by Eli Lifland and published on June 28, 2025, discusses how to steer toward a positive Artificial General Intelligence (AGI) future. The article warns of a potential scenario where humanity loses control of its destiny by 2027 and faces extinction by 2030, posing the question of how to avoid this outcome. It emphasizes the need to ""Act with urgency but not certainty,"" stating that AGI in 2027 is a plausible outcome and society may only have two years left before its fate is sealed, while advising against extreme uncooperative actions due to the uncertainty of AGI timelines, which the author's team's median range from 2028 to 2032, and suggests that AI progress may slow down in the 2030s, encouraging preparation to contribute if AGI arrives post-2027."
https://t.co/BJcgBGxMns,"A photograph features a mirror selfie taken by a person, whose face is covered by an avocado emoji, in a public restroom. A highly visible sign in the reflection prominently displays the text ""Please... WASH YOUR HANDS"" with an accompanying QR code, emphasizing the core message of hygiene in the setting where the selfie is being taken."
https://t.co/BieGAkQsn7,"An edited page from the ""Frog and Toad"" children's book functions as a meme, centering on the key text: ""Frog put the profits in a box. 'There,' he said. 'Now we will not be motivated by profits above the cap.'"" Toad responds, ""'But we can open the box,' said Toad,"" to which Frog concedes, ""'That is true,' said Frog."" The image features Frog holding a box while Toad gestures, illustrating a commentary on the perceived futility or impermanence of attempts to limit profit-driven motivation. The main subject is the interaction between Frog and Toad regarding the containment and subsequent potential release of ""profits."""
https://t.co/tZ0Td2TKrg,"The key text indicates: ""The next day, police found the 43-year-old woman in Xiamen."" This image is a still from a news video, attributed to Newsflare and featuring the South China Morning Post logo. The photograph depicts an official setting, likely an interrogation or interview, with two police officers facing a 43-year-old woman, whose face and lower body are digitally obscured, seated at a desk. The core message is that police successfully located and are questioning a 43-year-old woman in Xiamen."
https://t.co/1SXvFFVh1U,"A promotional graphic centers on the question ""WHAT DO THEY ALL AGREE ON?"", surrounded by a comprehensive list of various public figures, including actors Mark Ruffalo and Stephen Fry, academics like Max Tegmark and George Church, former officials like Suzanne Spaulding, and tech figures such as Emmett Shear of OpenAI. The answer is revealed by a prominent book titled ""IF ANYONE BUILDS IT, EVERYONE DIES"" with the subtitle ""WHY SUPERHUMAN AI WOULD KILL US ALL,"" authored by Eliezer Yudkowsky & Nate Soares. The core message is that these diverse individuals implicitly agree on the existential threat posed by superhuman AI, urging viewers to ""(PRE-ORDER THE BOOK NOW.)"""
https://t.co/49d7c9jqRF,"A screenshot of the Tubegraph web application, accessible at tubegraph.vercel.app, promotes its primary function: ""Build a Knowledge Graph of Any Youtube Channel."" The core message emphasizes exploring concepts, discovering connections, and thinking deeper, with example channels like Dwarkesh Podcast, Huberman Lab, and Lex Fridman showcased. The interface features input fields for adding a channel username, specifying video sorting by views, and setting a minimum video duration before generating a graph, with a section for ""Graph View"" indicated below and options to ""CONTRIBUTE"" or ""EXPLORE CHANNELS."" The application's logo, ""Sieve,"" is visible in the top left."
https://t.co/HMtynJ0Hpr,"The book cover titled ""Get Your House Right"" with the subtitle ""Architectural Elements to Use & Avoid"" is by authors Marianne Cusato and Ben Pentreath, with Richard Sammons & Leon Krier, and features a foreword by H.R.H. The Prince of Wales. The central message of this architectural guide is to provide insight into correct and incorrect elements for house design, as suggested by the title's emphasis on what to ""Use & Avoid."""
